<?xml version="1.0" encoding="UTF-8"?>
<!DOCTYPE hibernate-configuration PUBLIC "-//Hibernate/Hibernate Configuration DTD 3.0//EN"
                                         "http://hibernate.sourceforge.net/hibernate-configuration-3.0.dtd">
<hibernate-configuration>
 <session-factory name="">
  <property name="hibernate.connection.driver_class">oracle.jdbc.driver.OracleDriver</property>
  <property name="hibernate.connection.url">jdbc:oracle:thin:@10.123.79.59:1521:GEORLI04</property>
  <property name="hibernate.connection.username">T752205</property>
  <property name="hibernate.connection.password">T752205</property>
  <property name="hibernate.dialect">org.hibernate.dialect.Oracle10gDialect</property>
  <mapping class="com.infy.infyretailapp.entity.UserEntity"/>
  <mapping class="com.infy.infyretailapp.entity.ProductEntity"/>
  <mapping class="com.infy.infyretailapp.entity.OrderEntity"/>
  <mapping class="com.infy.infyretailapp.entity.OrderProductEntity"/>
  <mapping class="com.infy.infyretailapp.entity.PrimaryKey"/>
  <mapping class="com.infy.infyretailapp.entity.AddressEntity"/>
  <mapping class="com.infy.infyretailapp.entity.RetailOutletEntity"/>
  <mapping class="com.infy.infyretailapp.entity.OfferEntity"/>
  <mapping class="com.infy.infyretailapp.entity.FeedbackEntity"/>
 </session-factory>
</hibernate-configuration>
